Año;grupo-edad-madre;nacidos-vivos;tasa-especifica-fecundidad;Nacimientos corregidos por año;Porcentaje del total;
1992;15-19;40.568;64,4;294.218;13,79%;
1992;20-24;80.532;132,5;294.218;27,37%;
1992;25-29;8.313;135,4;294.218;2,83%;
1992;30-34;57.046;100,8;294.218;19,39%;
1992;35-39;26.535;52,1;294.218;9,02%;
1992;40-44;5.994;14,4;294.218;2,04%;
1992;45-49;413;1,2;294.218;0,14%;
1993;15-19;40.307;64,0;289.419;13,93%;
1993;20-24;78.434;129,4;289.419;27,10%;
1993;25-29;79.828;129,4;289.419;27,58%;
1993;30-34;57.376;99,4;289.419;19,82%;
1993;35-39;26.738;51,3;289.419;9,24%;
1993;40-44;6.314;14,4;289.419;2,18%;
1993;45-49;422;1,2;289.419;0,15%;
1994;15-19;40.474;64,3;285.228;14,19%;
1994;20-24;77.568;127,4;285.228;27,20%;
1994;25-29;76.609;124,1;285.228;26,86%;
1994;30-34;57.072;97,0;285.228;20,01%;
1994;35-39;26.964;50,7;285.228;9,45%;
1994;40-44;6.227;13,6;285.228;2,18%;
1994;45-49;334;0,9;285.228;0,12%;
1995;15-19;40.321;64,3;275.756;14,62%;
1995;20-24;74.298;120,9;275.756;26,94%;
1995;25-29;71.625;116,5;275.756;25,97%;
1995;30-34;55.588;92,9;275.756;20,16%;
1995;35-39;2.719;50,1;275.756;0,99%;
1995;40-44;6.416;13,4;275.756;2,33%;
1995;45-49;318;0,8;275.756;0,12%;
1996;15-19;40.806;65,1;272.161;14,99%;
1996;20-24;71.887;115,7;272.161;26,41%;
1996;25-29;69.463;113,7;272.161;25,52%;
1996;30-34;55.227;91,0;272.161;20,29%;
1996;35-39;28.005;50,6;272.161;10,29%;
1996;40-44;6.465;13,1;272.161;2,38%;
1996;45-49;308;0,8;272.161;0,11%;
1997;15-19;41.601;66,1;265.493;15,67%;
1997;20-24;67.739;108,0;265.493;25,51%;
1997;25-29;67.307;110,9;265.493;25,35%;
1997;30-34;53.602;87,5;265.493;20,19%;
1997;35-39;28.364;50,3;265.493;10,68%;
1997;40-44;6.547;12,9;265.493;2,47%;
1997;45-49;333;0,8;265.493;0,13%;
1998;15-19;42.289;66,7;261.803;16,15%;
1998;20-24;6.439;102,3;261.803;2,46%;
1998;25-29;66.584;109,9;261.803;25,43%;
1998;30-34;52.892;85,8;261.803;20,20%;
1998;35-39;28.645;49,8;261.803;10,94%;
1998;40-44;6.663;12,9;261.803;2,55%;
1998;45-49;340;0,8;261.803;0,13%;
1999;15-19;40.991;64,2;254.096;16,13%;
1999;20-24;60.102;95,5;254.096;23,65%;
1999;25-29;65.012;106,8;254.096;25,59%;
1999;30-34;51.783;84,0;254.096;20,38%;
1999;35-39;29.112;49,6;254.096;11,46%;
1999;40-44;6.791;12,8;254.096;2,67%;
1999;45-49;305;0,7;254.096;0,12%;
2000;15-19;4.084;63,6;252.155;1,62%;
2000;20-24;5.789;92,3;252.155;2,30%;
2000;25-29;64.649;105,2;252.155;25,64%;
2000;30-34;51.339;83,6;252.155;20,36%;
2000;35-39;29.857;50,0;252.155;11,84%;
2000;40-44;7.212;13,4;252.155;2,86%;
2000;45-49;368;0,8;252.155;0,15%;
2001;15-19;40.295;62,5;248.651;16,21%;
2001;20-24;56.468;90,0;248.651;22,71%;
2001;25-29;6.237;100,3;248.651;2,51%;
2001;30-34;51.173;83,8;248.651;20,58%;
2001;35-39;30.457;50,3;248.651;12,25%;
2001;40-44;7.496;13,6;248.651;3,01%;
2001;45-49;392;0,8;248.651;0,16%;
2002;15-19;3.794;58,5;241.027;1,57%;
2002;20-24;55.888;88,7;241.027;23,19%;
2002;25-29;59.279;94,4;241.027;24,59%;
2002;30-34;49.999;82,4;241.027;20,74%;
2002;35-39;29.702;48,5;241.027;12,32%;
2002;40-44;7.888;14,0;241.027;3,27%;
2002;45-49;331;0,7;241.027;0,14%;
2003;15-19;3.509;53,3;236.223;1,49%;
2003;20-24;5.494;86,6;236.223;2,33%;
2003;25-29;5.686;90,2;236.223;2,41%;
2003;30-34;50.932;84,0;236.223;21,56%;
2003;35-39;29.882;48,6;236.223;12,65%;
2003;40-44;8.147;14,2;236.223;3,45%;
2003;45-49;372;0,7;236.223;0,16%;
2004;15-19;34.762;51,5;232.588;14,95%;
2004;20-24;54.056;84,5;232.588;23,24%;
2004;25-29;5.467;86,7;232.588;2,35%;
2004;30-34;51.076;83,8;232.588;21,96%;
2004;35-39;29.396;47,7;232.588;12,64%;
2004;40-44;8.289;14,2;232.588;3,56%;
2004;45-49;339;0,6;232.588;0,15%;
2005;15-19;36.275;52,2;232.092;15,63%;
2005;20-24;54.327;84,4;232.092;23,41%;
2005;25-29;53.693;85,3;232.092;23,13%;
2005;30-34;50.179;81,4;232.092;21,62%;
2005;35-39;28.967;47,1;232.092;12,48%;
2005;40-44;8.279;13,9;232.092;3,57%;
2005;45-49;372;0,7;232.092;0,16%;
2006;15-19;38.054;53,2;233.104;16,32%;
2006;20-24;54.716;84,5;233.104;23,47%;
2006;25-29;52.777;83,7;233.104;22,64%;
2006;30-34;49.702;79,6;233.104;21,32%;
2006;35-39;28.981;47,4;233.104;12,43%;
2006;40-44;8.434;13,9;233.104;3,62%;
2006;45-49;440;0,8;233.104;0,19%;
2007;15-19;39.857;54,6;242.054;16,47%;
2007;20-24;56.531;86,6;242.054;23,35%;
2007;25-29;56.788;89,5;242.054;23,46%;
2007;30-34;5.047;79,9;242.054;2,09%;
2007;35-39;29.625;48,6;242.054;12,24%;
2007;40-44;8.377;13,7;242.054;3,46%;
2007;45-49;406;0,7;242.054;0,17%;
2008;15-19;41.229;56,2;248.366;16,60%;
2008;20-24;58.342;88,0;248.366;23,49%;
2008;25-29;58.768;91,7;248.366;23,66%;
2008;30-34;50.763;79,8;248.366;20,44%;
2008;35-39;30.475;50,0;248.366;12,27%;
2008;40-44;8.368;13,6;248.366;3,37%;
2008;45-49;439;0,8;248.366;0,18%;
2009;15-19;40.927;56,2;253.574;16,14%;
2009;20-24;60.695;89,1;253.574;23,94%;
2009;25-29;61.096;94,5;253.574;24,09%;
2009;30-34;50.232;78,9;253.574;19,81%;
2009;35-39;31.549;51,4;253.574;12,44%;
2009;40-44;8.629;14,0;253.574;3,40%;
2009;45-49;446;0,8;253.574;0,18%;
2010;15-19;39.105;54,4;251.199;15,57%;
2010;20-24;60.029;85,7;251.199;23,90%;
2010;25-29;59.768;91,7;251.199;23,79%;
2010;30-34;50.965;80,0;251.199;20,29%;
2010;35-39;32.379;52,2;251.199;12,89%;
2010;40-44;8.499;13,8;251.199;3,38%;
2010;45-49;454;0,8;251.199;0,18%;
2011;15-19;37.446;53,1;248.879;15,05%;
2011;20-24;5.975;82,7;248.879;2,40%;
2011;25-29;59.216;90,1;248.879;23,79%;
2011;30-34;50.988;79,8;248.879;20,49%;
2011;35-39;32.283;51,3;248.879;12,97%;
2011;40-44;8.707;14,2;248.879;3,50%;
2011;45-49;489;0,8;248.879;0,20%;
2012;15-19;35.221;50,9;243.858;14,44%;
2012;20-24;58.206;78,9;243.858;23,87%;
2012;25-29;57.551;86,7;243.858;23,60%;
2012;30-34;5.244;81,3;243.858;2,15%;
2012;35-39;31.508;49,4;243.858;12,92%;
2012;40-44;8.458;13,8;243.858;3,47%;
2012;45-49;474;0,8;243.858;0,19%;
2013;15-19;32.529;47,9;242.862;13,39%;
2013;20-24;5.711;77,0;242.862;2,35%;
2013;25-29;58.357;86,5;242.862;24,03%;
2013;30-34;53.825;82,7;242.862;22,16%;
2013;35-39;31.732;49,4;242.862;13,07%;
2013;40-44;8.847;14,5;242.862;3,64%;
2013;45-49;462;0,8;242.862;0,19%;
2014;15-19;30.457;45,6;252.194;12,08%;
2014;20-24;579;78,6;252.194;0,23%;
2014;25-29;63.125;91,0;252.194;25,03%;
2014;30-34;57.807;87,8;252.194;22,92%;
2014;35-39;33.052;51,3;252.194;13,11%;
2014;40-44;9.348;15,2;252.194;3,71%;
2014;45-49;505;0,8;252.194;0,20%;
2015;15-19;26.245;40,0;245.406;10,69%;
2015;20-24;54.428;74,8;245.406;22,18%;
2015;25-29;63.405;88,6;245.406;25,84%;
2015;30-34;57.549;86,6;245.406;23,45%;
2015;35-39;33.699;52,3;245.406;13,73%;
2015;40-44;9.574;15,3;245.406;3,90%;
2015;45-49;506;0,8;245.406;0,21%;
2016;15-19;21.254;32,9;232.616;9,14%;
2016;20-24;49.083;68,6;232.616;21,10%;
2016;25-29;6.198;83,8;232.616;2,66%;
2016;30-34;5.655;84,2;232.616;2,43%;
2016;35-39;33.699;52,0;232.616;14,49%;
2016;40-44;9.535;15,0;232.616;4,10%;
2016;45-49;515;0,8;232.616;0,22%;
2017;15-19;17.409;27,3;219.494;7,93%;
2017;20-24;45.162;63,8;219.494;20,58%;
2017;25-29;59.594;78,1;219.494;27,15%;
2017;30-34;54.055;78,8;219.494;24,63%;
2017;35-39;33.601;51,1;219.494;15,31%;
2017;40-44;9.116;14,1;219.494;4,15%;
2017;45-49;557;0,9;219.494;0,25%;
2018;15-19;14.679;23,2;222.088;6,61%;
2018;20-24;44.774;63,0;222.088;20,16%;
2018;25-29;61.553;78,5;222.088;27,72%;
2018;30-34;56.541;79,7;222.088;25,46%;
2018;35-39;35.032;52,1;222.088;15,77%;
2018;40-44;8.963;13,7;222.088;4,04%;
2018;45-49;546;0,9;222.088;0,25%;
2019;15-19;11.997;19,2;210.413;5,70%;
2019;20-24;40.263;56,6;210.413;19,14%;
2019;25-29;58.401;72,9;210.413;27,76%;
2019;30-34;56.201;75,3;210.413;26,71%;
2019;35-39;34.158;49,4;210.413;16,23%;
2019;40-44;8.852;13,3;210.413;4,21%;
2019;45-49;541;0,9;210.413;0,26%;
2020;15-19;9.781;15,8;195.229;5,01%;
2020;20-24;35.819;50,4;195.229;18,35%;
2020;25-29;53.662;66,1;195.229;27,49%;
2020;30-34;54.312;69,1;195.229;27,82%;
2020;35-39;3.265;46,0;195.229;1,67%;
2020;40-44;8.464;12,6;195.229;4,34%;
2020;45-49;541;0,8;195.229;0,28%;
2021;15-19;7.273;11,9;177.467;4,10%;
2021;20-24;30.443;43,7;177.467;17,15%;
2021;25-29;4.789;59,7;177.467;2,70%;
2021;30-34;52.161;63,8;177.467;29,39%;
2021;35-39;31.006;42,9;177.467;17,47%;
2021;40-44;8.236;12,1;177.467;4,64%;
2021;45-49;458;0,7;177.467;0,26%;
2022;15-19;7.374;12,2;189.503;3,89%;
2022;20-24;31.753;46,8;189.503;16,76%;
2022;25-29;5.077;64,6;189.503;2,68%;
2022;30-34;56.153;67,2;189.503;29,63%;
2022;35-39;33.806;46,1;189.503;17,84%;
2022;40-44;9.053;13,2;189.503;4,78%;
2022;45-49;594;0,9;189.503;0,31%;
2023;15-19;6.686;11,0;;;
2023;20-24;28.793;43,7;;;
2023;25-29;45.814;59,7;;;
2023;30-34;51.168;60,7;;;
2023;35-39;32.075;42,9;;;
2023;40-44;8.886;12,8;;;
2023;45-49;645;1,0;;;
2024;15-19;5.695;9,3;;;
2024;20-24;24.724;38,5;;;
2024;25-29;39.893;53,4;;;
2024;30-34;45.751;54,6;;;
2024;35-39;29.856;38,7;;;
2024;40-44;7.973;11,3;;;
2024;45-49;549;0,8;;;
