ano;region;nacidos_vivos;tasa_natalidad_1000;porcentajes_madres_extranjeras;;;;
2024;tarapaca;;10,5;;;;;
2024;arica_parinacota;;9,1;;;;;
2024;antofagasta;;8,8;;;;;
2024;maule;;8;;;;;
2024;atacama;;8,9;;;;;
2024;la_araucania;;8,4;;;;;
2024;ohiggins;;8,1;;;;;
2024;los_lagos;;8,2;;;;;
2024;biobio;;7,7;;;;;
2024;aysen;;7,4;;;;;
2024;nuble;;7,9;;;;;
2024;coquimbo;;7,6;;;;;
2024;los_rios;;7,7;;;;;
2024;metropolitana;;7,2;;;;;
2024;valparaiso;;7,3;;;;;
2024;magallanes;;6,8;;;;;
2023;tarapaca;;11,6;;;;;
2023;arica_parinacota;;10,6;;;;;
2023;antofagasta;;9,8;;;;;
2023;maule;;9,3;;;;;
2023;atacama;;9,8;;;;;
2023;la_araucania;;9,4;;;;;
2023;ohiggins;;8,9;;;;;
2023;los_lagos;;9,1;;;;;
2023;biobio;;8,8;;;;;
2023;aysen;;9;;;;;
2023;nuble;;9,1;;;;;
2023;coquimbo;;8,6;;;;;
2023;los_rios;;8,8;;;;;
2023;metropolitana;;8,2;;;;;
2023;valparaiso;;8,4;;;;;
2023;magallanes;;7,9;;;;;
2022;tarapaca;5.023;12,7;47,9;;;;
2022;arica_parinacota;2.916;11,3;38,1;;;;
2022;antofagasta;7.484;10,6;40,6;;;;
2022;maule;11.837;10,3;10,3;;;;
2022;atacama;3.265;10,3;20,1;;;;
2022;la_araucania;10.405;10,2;3,9;;;;
2022;ohiggins;10.072;10;14,4;;;;
2022;los_lagos;8.955;9,9;7,9;;;;
2022;biobio;16.115;9,6;5,9;;;;
2022;aysen;1.023;9,5;6,5;;;;
2022;nuble;4.838;9,4;5,7;;;;
2022;coquimbo;8.019;9,4;12,8;;;;
2022;los_rios;3.780;9,3;3;;;;
2022;metropolitana;76.129;9,2;26,3;;;;
2022;valparaiso;17.903;9;12,6;;;;
2022;magallanes;1.539;8,5;13,4;;;;
2021;tarapaca;4.396;11,3;44,9;;;;
2021;arica_parinacota;2.553;10;35,1;;;;
2021;antofagasta;6.748;9,6;37,4;;;;
2021;maule;10.689;9,4;8,9;;;;
2021;atacama;2.920;9,2;16,3;;;;
2021;la_araucania;9.860;9,7;3,4;;;;
2021;ohiggins;9.258;9,3;11,4;;;;
2021;los_lagos;8.370;9,3;7,3;;;;
2021;biobio;14.639;8,8;5,6;;;;
2021;aysen;982;9,1;5,7;;;;
2021;nuble;4.481;8,7;5;;;;
2021;coquimbo;7.564;8,9;10,8;;;;
2021;los_rios;3.435;8,4;3,6;;;;
2021;metropolitana;73.062;8,9;24,5;;;;
2021;valparaiso;16.822;8,5;11,1;;;;
2021;magallanes;1.494;8,3;13,6;;;;
2020;tarapaca;4.709;12,3;39,2;;;;
2020;arica_parinacota;2.886;11,5;31,7;;;;
2020;antofagasta;7.434;10,8;33,5;;;;
2020;maule;11.667;10,3;8,7;;;;
2020;atacama;3.247;10,3;14;;;;
2020;la_araucania;10.441;10,3;3,8;;;;
2020;ohiggins;10.245;10,4;11,3;;;;
2020;los_lagos;8.958;10,1;7;;;;
2020;biobio;16.006;9,6;5,1;;;;
2020;aysen;1.059;9,9;5,5;;;;
2020;nuble;4.885;9,6;5,2;;;;
2020;coquimbo;8.127;9,7;9,5;;;;
2020;los_rios;3.898;9,6;4,8;;;;
2020;metropolitana;81.351;10;23,3;;;;
2020;valparaiso;18.427;9,4;10,8;;;;
2020;magallanes;1.638;9,2;12,5;;;;
2019;tarapaca;4.878;13,2;36,9;;;;
2019;arica_parinacota;2.893;11,7;29,7;;;;
2019;antofagasta;7.770;11,7;31,1;;;;
2019;maule;12.496;11,2;9,6;;;;
2019;atacama;3.425;11;13,3;;;;
2019;la_araucania;11.302;11,2;3,7;;;;
2019;ohiggins;10.756;11;11,4;;;;
2019;los_lagos;9.574;10,8;5,9;;;;
2019;biobio;17.107;10,4;4,4;;;;
2019;aysen;1.120;10,5;4,5;;;;
2019;nuble;5.065;10;4,6;;;;
2019;coquimbo;8.666;10,6;9,6;;;;
2019;los_rios;4.004;9,9;4,2;;;;
2019;metropolitana;89.770;11,4;22,9;;;;
2019;valparaiso;19.619;10,1;11,8;;;;
2019;magallanes;1.743;9,9;10;;;;
2018;tarapaca;4.955;14;33,7;;;;
2018;arica_parinacota;2.958;12,2;22,8;;;;
2018;antofagasta;8.049;12,5;28,5;;;;
2018;maule;13.070;11,8;7,9;;;;
2018;atacama;3.730;12,2;10;;;;
2018;la_araucania;11.772;11,8;3,2;;;;
2018;ohiggins;11.248;11,6;9,4;;;;
2018;los_lagos;9.921;11,3;4,1;;;;
2018;biobio;17.652;10,7;2,7;;;;
2018;aysen;1.258;11,9;4,1;;;;
2018;nuble;5.324;10,6;4,6;;;;
2018;coquimbo;9.095;11,3;7,6;;;;
2018;los_rios;4.106;10,3;3,3;;;;
2018;metropolitana;95.834;12,5;21;;;;
2018;valparaiso;21.002;11;9,7;;;;
2018;magallanes;1.757;10,2;8,1;;;;
2017;tarapaca;5.081;14,9;31,7;;;;
2017;arica_parinacota;3.037;12,8;21,1;;;;
2017;antofagasta;8.396;13,5;24,8;;;;
2017;maule;12.632;11,6;2;;;;
2017;atacama;3.929;12,9;7;;;;
2017;la_araucania;12.005;12,1;1,4;;;;
2017;ohiggins;10.887;11,4;2,9;;;;
2017;los_lagos;10.046;11,6;1,5;;;;
2017;biobio;18.175;11,1;1,5;;;;
2017;aysen;1.215;11,5;2,5;;;;
2017;nuble;5.333;10,7;1,5;;;;
2017;coquimbo;9.215;11,6;4;;;;
2017;los_rios;4.268;10,7;1,1;;;;
2017;metropolitana;92.727;12,4;14,4;;;;
2017;valparaiso;20.357;10,8;3;;;;
2017;magallanes;1.883;11;5;;;;
2016;tarapaca;5.419;15,9;27,5;;;;
2016;arica_parinacota;3.169;13,2;16,9;;;;
2016;antofagasta;9.214;14,7;22,5;;;;
2016;maule;13.225;12,6;0,9;;;;
2016;atacama;4.230;13,4;6,1;;;;
2016;la_araucania;12.534;12,6;20;;;;
2016;ohiggins;11.416;12,4;1,5;;;;
2016;los_lagos;10.787;12,8;0,9;;;;
2016;biobio;19.582;11,8;0,8;;;;
2016;aysen;1.408;13;1,5;;;;
2016;nuble;5.453;11,2;0,8;;;;
2016;coquimbo;10.126;13;2,4;;;;
2016;los_rios;4.532;11,2;1;;;;
2016;metropolitana;96.616;13,1;9,7;;;;
2016;valparaiso;22.165;12,1;2,2;;;;
2016;magallanes;1.873;11,3;3,9;;;;
2015;tarapaca;5.712;17,1;18,6;;;;
2015;arica_parinacota;3.414;14,3;13,2;;;;
2015;antofagasta;9.885;15,9;16,9;;;;
2015;maule;14.068;13,5;0,8;;;;
2015;atacama;4.466;14,3;4,9;;;;
2015;la_araucania;13.324;13,5;0,6;;;;
2015;ohiggins;12.050;13,2;0,1;;;;
2015;los_lagos;11.158;13,3;1;;;;
2015;biobio;21.023;12,7;0,6;;;;
2015;aysen;1.413;13,1;1,6;;;;
2015;nuble;5.766;11,9;0,6;;;;
2015;coquimbo;11.010;13;1,8;;;;
2015;los_rios;4.664;11,6;0,7;;;;
2015;metropolitana;101.087;13,9;6,5;;;;
2015;valparaiso;23.598;13;1,5;;;;
2015;magallanes;2.032;12,4;2,9;;;;
2014;tarapaca;5.835;17,8;;;;;
2014;arica_parinacota;3.546;15,1;;;;;
2014;antofagasta;10.191;16,7;;;;;
2014;maule;14.345;13,9;;;;;
2014;atacama;5.014;16,4;;;;;
2014;la_araucania;13.313;13,7;;;;;
2014;ohiggins;12.412;13,7;;;;;
2014;los_lagos;11.380;13,7;;;;;
2014;biobio;21.599;13,2;;;;;
2014;aysen;1.535;14,4;;;;;
2014;nuble;5.899;11,9;;;;;
2014;coquimbo;11.577;15,3;;;;;
2014;los_rios;5.063;12,6;;;;;
2014;metropolitana;103.059;14,3;;;;;
2014;valparaiso;24.125;13,4;;;;;
2014;magallanes;2.104;12,9;;;;;
2013;tarapaca;5.766;18,1;;;;;
2013;arica_parinacota;3.504;15,2;;;;;
2013;antofagasta;9.841;16,4;;;;;
2013;maule;13.714;13,4;;;;;
2013;atacama;4.849;16;;;;;
2013;la_araucania;12.877;13,2;;;;;
2013;ohiggins;12.113;13,5;;;;;
2013;los_lagos;11.191;13,6;;;;;
2013;biobio;20.714;12,7;;;;;
2013;aysen;1.440;13,6;;;;;
2013;nuble;5.590;11,7;;;;;
2013;coquimbo;11.343;15,2;;;;;
2013;los_rios;4.814;12,2;;;;;
2013;metropolitana;99.081;13,9;;;;;
2013;valparaiso;23.127;13;;;;;
2013;magallanes;2.041;12,6;;;;;
2012;tarapaca;5.721;18,4;;;;;
2012;arica_parinacota;3.558;15,7;;;;;
2012;antofagasta;9.817;16,6;;;;;
2012;maule;13.429;13,2;;;;;
2012;atacama;4.855;16,2;;;;;
2012;la_araucania;13.024;13,4;;;;;
2012;ohiggins;12.119;13,6;;;;;
2012;los_lagos;11.287;13,7;;;;;
2012;biobio;20.997;12,9;;;;;
2012;aysen;1.540;14,7;;;;;
2012;nuble;5.732;12;;;;;
2012;coquimbo;11.217;15,3;;;;;
2012;los_rios;5.124;12,9;;;;;
2012;metropolitana;99.488;14,1;;;;;
2012;valparaiso;23.619;13,3;;;;;
2012;magallanes;2.108;13;;;;;
2011;tarapaca;5.753;18,1;;;;;
2011;arica_parinacota;3.640;20;;;;;
2011;antofagasta;9.932;17,2;;;;;
2011;maule;13.640;13,5;;;;;
2011;atacama;5.116;18,2;;;;;
2011;la_araucania;13.295;13,8;;;;;
2011;ohiggins;12.189;13,8;;;;;
2011;los_lagos;11.911;14,2;;;;;
2011;biobio;21.986;13,7;;;;;
2011;aysen;1.545;14,6;;;;;
2011;nuble;;;;;;;
2011;coquimbo;11.148;15,4;;;;;
2011;los_rios;5.176;13,7;;;;;
2011;metropolitana;100.415;14,5;;;;;
2011;valparaiso;23.568;13,3;;;;;
2011;magallanes;2.118;13,4;;;;;
2010;tarapaca;5.637;18;;;;;
2010;arica_parinacota;3.646;20;;;;;
2010;antofagasta;10.016;17,5;;;;;
2010;maule;14.103;14;;;;;
2010;atacama;5.069;18,1;;;;;
2010;la_araucania;13.367;13,8;;;;;
2010;ohiggins;12.723;14,4;;;;;
2010;los_lagos;12.413;14,9;;;;;
2010;biobio;22.293;13,9;;;;;
2010;aysen;1.636;15,7;;;;;
2010;nuble;;;;;;;
2010;coquimbo;11.225;15,6;;;;;
2010;los_rios;5.433;14,4;;;;;
2010;metropolitana;101.047;14,7;;;;;
2010;valparaiso;23.788;13,5;;;;;
2010;magallanes;2.243;14,2;;;;;
2009;tarapaca;5.692;18,7;;;;;
2009;arica_parinacota;3.559;19,1;;;;;
2009;antofagasta;9.988;17,7;;;;;
2009;maule;14.108;14,2;;;;;
2009;atacama;5.194;18,8;;;;;
2009;la_araucania;13.546;14,2;;;;;
2009;ohiggins;12.731;14,6;;;;;
2009;los_lagos;13.072;15,9;;;;;
2009;biobio;28.313;14,1;;;;;
2009;aysen;1.687;16,4;;;;;
2009;nuble;;;;;;;
2009;coquimbo;10.801;15,3;;;;;
2009;los_rios;5.349;14,2;;;;;
2009;metropolitana;102.248;15,1;;;;;
2009;valparaiso;23.735;13,7;;;;;
2009;magallanes;2.217;14,1;;;;;
2008;tarapaca;5.287;17,8;;;;;
2008;arica_parinacota;3.364;18,3;;;;;
2008;antofagasta;9.706;17,4;;;;;
2008;maule;14.045;14,2;;;;;
2008;atacama;4.803;17,5;;;;;
2008;la_araucania;13.494;14,3;;;;;
2008;ohiggins;12.592;14,7;;;;;
2008;los_lagos;12.772;15,7;;;;;
2008;biobio;27.779;13,9;;;;;
2008;aysen;1.733;17,2;;;;;
2008;nuble;;;;;;;
2008;coquimbo;10.447;15,1;;;;;
2008;los_rios;5.306;14,2;;;;;
2008;metropolitana;99.873;14,9;;;;;
2008;valparaiso;23.116;13,5;;;;;
2008;magallanes;2.264;14,5;;;;;
2007;tarapaca;5.017;17,1;;;;;
2007;arica_parinacota;3.158;16,8;;;;;
2007;antofagasta;9.419;17,1;;;;;
2007;maule;13.566;13,9;;;;;
2007;atacama;4.720;17,3;;;;;
2007;la_araucania;13.418;14,3;;;;;
2007;ohiggins;12.199;14,3;;;;;
2007;los_lagos;12.335;15,4;;;;;
2007;biobio;27.682;14;;;;;
2007;aysen;1.679;16,5;;;;;
2007;nuble;;;;;;;
2007;coquimbo;9.794;14,4;;;;;
2007;los_rios;5.154;13,9;;;;;
2007;metropolitana;97.596;14,7;;;;;
2007;valparaiso;22.659;13,4;;;;;
2007;magallanes;2.173;14;;;;;
2006;tarapaca;4.761;16,7;;;;;
2006;arica_parinacota;3.099;16,6;;;;;
2006;antofagasta;8.975;16,5;;;;;
2006;maule;13.099;13,4;;;;;
2006;atacama;4.648;17,1;;;;;
2006;la_araucania;13.016;14;;;;;
2006;ohiggins;11.517;13,6;;;;;
2006;los_lagos;11.758;14,9;;;;;
2006;biobio;27.028;13,7;;;;;
2006;aysen;1.563;16,1;;;;;
2006;nuble;;;;;;;
2006;coquimbo;9.372;13,9;;;;;
2006;los_rios;5.155;13,8;;;;;
2006;metropolitana;93.593;14,3;;;;;
2006;valparaiso;21.672;13;;;;;
2006;magallanes;2.127;14;;;;;
2005;tarapaca;5.024;18;;;;;
2005;arica_parinacota;3.287;17,2;;;;;
2005;antofagasta;9.000;16,6;;;;;
2005;maule;14.008;14,5;;;;;
2005;atacama;4.523;16,7;;;;;
2005;la_araucania;13.545;14,6;;;;;
2005;ohiggins;12.408;14,8;;;;;
2005;los_lagos;12.642;16,1;;;;;
2005;biobio;28.170;14,3;;;;;
2005;aysen;1.662;16,7;;;;;
2005;nuble;;;;;;;
2005;coquimbo;9.992;15;;;;;
2005;los_rios;5.355;14,4;;;;;
2005;metropolitana;97.653;14,9;;;;;
2005;valparaiso;23.409;14,1;;;;;
2005;magallanes;2.271;14,6;;;;;
2004;tarapaca;4.821;17,7;;;;;
2004;arica_parinacota;3.270;17,1;;;;;
2004;antofagasta;9.052;17;;;;;
2004;maule;13.892;14,5;;;;;
2004;atacama;4.434;16,5;;;;;
2004;la_araucania;13.819;15;;;;;
2004;ohiggins;13.382;14,9;;;;;
2004;los_lagos;12.442;16,1;;;;;
2004;biobio;28.268;14,5;;;;;
2004;aysen;1.674;17;;;;;
2004;nuble;;;;;;;
2004;coquimbo;9.691;14,8;;;;;
2004;los_rios;5.410;14,6;;;;;
2004;metropolitana;97.982;15,2;;;;;
2004;valparaiso;23.118;14,1;;;;;
2004;magallanes;2.195;14,1;;;;;
2003;tarapaca;7.732;18,5;;;;;
2003;arica_parinacota;;;;;;;
2003;antofagasta;8.663;17,8;;;;;
2003;maule;13.453;14,3;;;;;
2003;atacama;4.407;15,4;;;;;
2003;la_araucania;13.013;14,4;;;;;
2003;ohiggins;11.799;14,4;;;;;
2003;los_lagos;16.935;15,5;;;;;
2003;biobio;28.040;14,1;;;;;
2003;aysen;1.578;15,9;;;;;
2003;nuble;;;;;;;
2003;coquimbo;9.459;15,7;;;;;
2003;los_rios;;;;;;;
2003;metropolitana;94.728;14,9;;;;;
2003;valparaiso;22.481;13,9;;;;;
2003;magallanes;2.198;13,6;;;;;
2002;tarapaca;7.571;18,4;;;;;
2002;arica_parinacota;;;;;;;
2002;antofagasta;8.842;18,4;;;;;
2002;maule;13.730;14,8;;;;;
2002;atacama;4.310;15,3;;;;;
2002;la_araucania;13.456;15,1;;;;;
2002;ohiggins;11.978;14,8;;;;;
2002;los_lagos;17.506;16,2;;;;;
2002;biobio;27.990;14,2;;;;;
2002;aysen;1.579;16,2;;;;;
2002;nuble;;;;;;;
2002;coquimbo;9.608;16,2;;;;;
2002;los_rios;;;;;;;
2002;metropolitana;96.996;15,5;;;;;
2002;valparaiso;23.172;14,5;;;;;
2002;magallanes;2.243;14;;;;;
2001;tarapaca;7.928;19,6;;;;;
2001;arica_parinacota;;;;;;;
2001;antofagasta;8.709;18,4;;;;;
2001;maule;13.967;15,1;;;;;
2001;atacama;4.603;16,6;;;;;
2001;la_araucania;13.657;15,5;;;;;
2001;ohiggins;12.183;15,2;;;;;
2001;los_lagos;17.507;16,3;;;;;
2001;biobio;28.972;14,8;;;;;
2001;aysen;1.595;16,5;;;;;
2001;nuble;;;;;;;
2001;coquimbo;10.199;17,4;;;;;
2001;los_rios;;;;;;;
2001;metropolitana;100.694;16,3;;;;;
2001;valparaiso;23.870;15,1;;;;;
2001;magallanes;2.232;14;;;;;
2000;tarapaca;8.070;20,2;;;;;
2000;arica_parinacota;;;;;;;
2000;antofagasta;9.064;19,4;;;;;
2000;maule;14.237;15,6;;;;;
2000;atacama;4.443;16,2;;;;;
2000;la_araucania;13.580;15,5;;;;;
2000;ohiggins;12.533;15,9;;;;;
2000;los_lagos;17.457;16,4;;;;;
2000;biobio;28.908;14,9;;;;;
2000;aysen;1.498;15,8;;;;;
2000;nuble;;;;;;;
2000;coquimbo;10.221;17,7;;;;;
2000;los_rios;;;;;;;
2000;metropolitana;102.205;16,7;;;;;
2000;valparaiso;24.325;15,6;;;;;
2000;magallanes;2.352;14,9;;;;;
1999;tarapaca;8.086;20,6;;;;;
1999;arica_parinacota;;;;;;;
1999;antofagasta;9.199;19,9;;;;;
1999;maule;14.437;15,9;;;;;
1999;atacama;4.641;17,2;;;;;
1999;la_araucania;13.858;16;;;;;
1999;ohiggins;12.672;16,3;;;;;
1999;los_lagos;17.242;16,4;;;;;
1999;biobio;29.722;15,5;;;;;
1999;aysen;1.530;16,3;;;;;
1999;nuble;;;;;;;
1999;coquimbo;9.939;17,4;;;;;
1999;los_rios;;;;;;;
1999;metropolitana;102.389;17;;;;;
1999;valparaiso;24.546;15,9;;;;;
1999;magallanes;2.413;15,4;;;;;
1998;tarapaca;8.157;21,1;;;;;
1998;arica_parinacota;;;;;;;
1998;antofagasta;9.568;21;;;;;
1998;maule;14.812;16,5;;;;;
1998;atacama;4.621;17,5;;;;;
1998;la_araucania;14.245;16,6;;;;;
1998;ohiggins;12.787;16,6;;;;;
1998;los_lagos;7.783;17,1;;;;;
1998;biobio;30.635;16,2;;;;;
1998;aysen;1.566;17;;;;;
1998;nuble;;;;;;;
1998;coquimbo;9.875;17,6;;;;;
1998;los_rios;;;;;;;
1998;metropolitana;105.471;17,8;;;;;
1998;valparaiso;25.097;16,5;;;;;
1998;magallanes;2.488;16;;;;;
1997;tarapaca;8.009;21,1;;;;;
1997;arica_parinacota;;;;;;;
1997;antofagasta;9.516;21,2;;;;;
1997;maule;14.962;16,8;;;;;
1997;atacama;4.698;18,1;;;;;
1997;la_araucania;14.589;17,2;;;;;
1997;ohiggins;3.104;17,3;;;;;
1997;los_lagos;18.365;17,9;;;;;
1997;biobio;31.639;16,9;;;;;
1997;aysen;1.536;16,9;;;;;
1997;nuble;;;;;;;
1997;coquimbo;10.217;18,5;;;;;
1997;los_rios;;;;;;;
1997;metropolitana;105.544;18,1;;;;;
1997;valparaiso;25.314;16,8;;;;;
1997;magallanes;2.466;16;;;;;
1996;tarapaca;8.058;21,6;;;;;
1996;arica_parinacota;;;;;;;
1996;antofagasta;9.763;22;;;;;
1996;maule;15.489;17,6;;;;;
1996;atacama;5.071;19,9;;;;;
1996;la_araucania;14.882;17,4;;;;;
1996;ohiggins;13.189;17,6;;;;;
1996;los_lagos;18.472;18,2;;;;;
1996;biobio;32.063;17,3;;;;;
1996;aysen;1.585;17,7;;;;;
1996;nuble;;;;;;;
1996;coquimbo;10.606;19,5;;;;;
1996;los_rios;;;;;;;
1996;metropolitana;107.586;18,8;;;;;
1996;valparaiso;25.781;17,3;;;;;
1996;magallanes;2.548;16,7;;;;;
1995;tarapaca;7.746;21,1;;;;;
1995;arica_parinacota;;;;;;;
1995;antofagasta;9.389;21,5;;;;;
1995;maule;15.812;18,1;;;;;
1995;atacama;5.161;20,6;;;;;
1995;la_araucania;14.667;17,8;;;;;
1995;ohiggins;13.432;18,2;;;;;
1995;los_lagos;18.394;18,3;;;;;
1995;biobio;32.251;17,6;;;;;
1995;aysen;1.543;17,6;;;;;
1995;nuble;;;;;;;
1995;coquimbo;10.619;19,8;;;;;
1995;los_rios;;;;;;;
1995;metropolitana;108.363;19,2;;;;;
1995;valparaiso;26.050;17,7;;;;;
1995;magallanes;2.495;16,5;;;;;
1994;tarapaca;7.575;21,1;;;;;
1994;arica_parinacota;;;;;;;
1994;antofagasta;9.562;22,2;;;;;
1994;maule;16.783;19,5;;;;;
1994;atacama;5.165;21,1;;;;;
1994;la_araucania;15.236;18,7;;;;;
1994;ohiggins;13.753;18,9;;;;;
1994;los_lagos;19.015;19,2;;;;;
1994;biobio;33.573;18,6;;;;;
1994;aysen;1.688;19,6;;;;;
1994;nuble;;;;;;;
1994;coquimbo;11.038;20,9;;;;;
1994;los_rios;;;;;;;
1994;metropolitana;110.774;20;;;;;
1994;valparaiso;27.089;18,7;;;;;
1994;magallanes;2.515;16,8;;;;;
1993;tarapaca;4.128;21,7;;;;;
1993;arica_parinacota;;;;;;;
1993;antofagasta;9.643;22,8;;;;;
1993;maule;17.146;20,1;;;;;
1993;atacama;3.377;22,4;;;;;
1993;la_araucania;15.487;19,2;;;;;
1993;ohiggins;14.079;19,7;;;;;
1993;los_lagos;19.076;19,5;;;;;
1993;biobio;34.470;19,3;;;;;
1993;aysen;1.661;19,7;;;;;
1993;nuble;;;;;;;
1993;coquimbo;11.243;21,7;;;;;
1993;los_rios;;;;;;;
1993;metropolitana;110.356;20,3;;;;;
1993;valparaiso;27.101;19;;;;;
1993;magallanes;2.633;17,8;;;;;
;;;;;;;;
;;;;;;;;
;;;;;;;;
;;;;;;;;
;;;;;;;;
;;;;;;;;
;;;;;;;;
;;;;;;;;
;;;;;;;;
;;;;;;;;
;;;;;;;;
;;;;;;;;
;;;;;;;;
;;;;;;;;
;;;;;;;;
;;;;;;;;